{
  "alster": [
    9.997649,
    53.557344
  ],
  "elbphilharmonie": [
    9.984198,
    53.541267
  ],
  "rathaus": [
    9.992061,
    53.550252
  ],
  "plantenUnBloomen": [
    9.982028,
    53.560427
  ],
  "elbstrand": [
    9.904346,
    53.544347
  ],
  "jungfernstieg": [
    9.991770,
    53.553800
  ],
  "reeperbahn": [
    9.962951,
    53.549684
  ],
  "hamburgDungeon": [
    9.989484,
    53.543938
  ],
  "hamburgDom": [
    9.968232,
    53.554157
  ],
  "landungsbruecken": [
    9.968205,
    53.545781
  ],
  "speicherstadt": [
    9.994603,
    53.544438
  ],
  "fischmarkt": [
    9.933653,
    53.544833
  ]
}
